"name","list_id","start_timestamp","due_timestamp","description"
"Scope Fixation Meeting on Zoom","1","2023-10-15T09:00:00Z","2023-10-17T10:00:00Z","We will discuss the scope of the project."
"Finalize Presentation Slides","1","2023-10-20T10:00:00Z","2023-10-24T17:00:00Z","Create and finalize the slides for the project scope presentation."
"Design Initial BPMN Sketch","2","2023-10-28T14:00:00Z","2023-11-01T15:00:00Z","Sketch the initial design of the BPMN diagram."
"Review BPMN with Team","2","2023-10-30T10:00:00Z","2023-11-02T16:00:00Z","Team meeting to review and refine the BPMN diagram design."
"Prep Meeting for Requirements Gathering","3","2024-02-05T09:00:00Z","2024-02-07T10:00:00Z","Prepare for the requirements gathering session."
"Compile Requirements Document","3","2024-02-10T09:00:00Z","2024-02-14T17:00:00Z","Compile and document the gathered requirements."
"UI Concept Brainstorming","4","2024-02-28T11:00:00Z","2024-03-03T12:00:00Z","Brainstorming session for UI concepts."
"UI Mockup Iterations","4","2024-03-03T11:00:00Z","2024-03-07T17:00:00Z","Iterate and refine the UI mockups."
"Database Schema Drafting","5","2024-04-10T15:00:00Z","2024-04-15T16:00:00Z","Draft the initial database schema."
"Schema Review and Optimization","5","2024-04-15T15:00:00Z","2024-04-19T17:00:00Z","Review and optimize the database schema."
"Wazuh Introduction Prep","6","2024-01-21T12:00:00Z","2024-01-25T13:00:00Z","Prepare materials for the introduction to Wazuh session."
"Wazuh Q&A Session","6","2024-01-26T12:00:00Z","2024-01-30T17:00:00Z","Host a Q&A session on Wazuh."
"Feature Development Planning","7","2024-03-05T13:00:00Z","2024-03-09T14:00:00Z","Plan the development of new features."
"Initial Feature Development","7","2024-03-10T13:00:00Z","2024-03-14T17:00:00Z","Begin initial development of features."
"Testing Plan Creation","8","2024-04-03T14:00:00Z","2024-04-05T15:00:00Z","Create a comprehensive testing plan."
"Bug Fixing Sprint","8","2024-04-05T14:00:00Z","2024-04-09T17:00:00Z","Conduct a sprint to fix identified bugs."
"Documentation Drafting","9","2024-05-20T11:00:00Z","2024-05-24T12:00:00Z","Draft the initial project documentation."
"Documentation Review and Finalization","9","2024-05-25T11:00:00Z","2024-05-29T17:00:00Z","Review and finalize the project documentation."
"Performance Analysis Setup","10","2024-06-10T16:00:00Z","2024-06-14T17:00:00Z","Set up the environment for performance analysis."
"Optimization Implementation","10","2024-06-15T16:00:00Z","2024-06-19T17:00:00Z","Implement optimization strategies."
"Data Collection Prep Meeting","11","2023-12-05T14:00:00Z","2023-12-07T15:00:00Z","Prepare for data collection activities."
"Data Preprocessing Script Development","11","2023-12-10T14:00:00Z","2023-12-14T17:00:00Z","Develop scripts for data preprocessing."
"Model Training Environment Setup","12","2024-01-10T15:00:00Z","2024-01-12T16:00:00Z","Set up the environment for model training."
"Model Training and Evaluation","12","2024-01-15T15:00:00Z","2024-01-19T17:00:00Z","Train and evaluate the machine learning model."
"Data Analysis Preparation","13","2024-03-01T11:00:00Z","2024-03-03T12:00:00Z","Prepare the necessary tools and datasets for data analysis."
"Conduct Data Analysis","13","2024-03-05T11:00:00Z","2024-03-09T17:00:00Z","Analyze the data to extract meaningful insights."
"Compile Initial Report Draft","14","2024-04-15T09:00:00Z","2024-04-17T10:00:00Z","Draft the initial version of the report."
"Report Review and Revisions","14","2024-04-20T09:00:00Z","2024-04-24T17:00:00Z","Review and revise the report for final submission."
"Presentation Outline Drafting","15","2024-05-08T14:00:00Z","2024-05-10T15:00:00Z","Draft an outline for the presentation."
"Presentation Rehearsal","15","2024-05-13T14:00:00Z","2024-05-17T17:00:00Z","Rehearse the presentation to ensure smooth delivery."
"Energy Source Research Analysis","16","2024-07-02T10:00:00Z","2024-07-04T11:00:00Z","Analyze potential energy sources."
"Research Summary Report","16","2024-07-07T10:00:00Z","2024-07-11T17:00:00Z","Summarize findings in a comprehensive report."
"Technology Assessment Meeting","17","2024-07-26T12:00:00Z","2024-07-28T13:00:00Z","Assess the available technologies in a team meeting."
"Final Technology Selection","17","2024-07-31T12:00:00Z","2024-08-04T17:00:00Z","Select the most suitable technology based on assessments."
"Prototyping Plan Development","18","2024-09-10T11:00:00Z","2024-09-12T12:00:00Z","Develop a detailed plan for prototyping."
"Prototype Testing and Iteration","18","2024-09-15T11:00:00Z","2024-09-24T17:00:00Z","Test and iterate the prototype for improvements."
"Environmental Impact Study Prep","19","2024-10-31T14:00:00Z","2024-11-02T15:00:00Z","Prepare for the environmental impact study."
"Conduct Impact Assessment","19","2024-11-05T14:00:00Z","2024-11-09T17:00:00Z","Assess the environmental impact of the project."
"Compliance Documentation Drafting","20","2024-12-10T16:00:00Z","2024-12-12T17:00:00Z","Draft the necessary compliance documents."
"Documentation Review and Submission","20","2024-12-15T16:00:00Z","2024-12-24T17:00:00Z","Review and submit the compliance documentation."
"Algorithm Conceptualization Meeting","21","2025-03-01T09:00:00Z","2025-03-03T10:00:00Z","Discuss and conceptualize the drug discovery algorithm."
"Algorithm Development and Testing","21","2025-03-05T09:00:00Z","2025-03-14T17:00:00Z","Develop and test the drug discovery algorithm."
"Compound Screening Prep","22","2025-04-30T11:00:00Z","2025-05-02T12:00:00Z","Prepare for drug compound screening."
"Screening and Data Collection","22","2025-05-05T11:00:00Z","2025-05-09T17:00:00Z","Conduct compound screening and collect data."
"Clinical Trial Simulation Setup","23","2025-07-07T10:00:00Z","2025-07-09T11:00:00Z","Set up for the clinical trial simulation."
"Run Clinical Trial Simulations","23","2025-07-12T10:00:00Z","2025-07-21T17:00:00Z","Run and analyze clinical trial simulations."
"Results Compilation Meeting","24","2025-08-31T15:00:00Z","2025-09-02T16:00:00Z","Compile and discuss the results of analyses."
"Results Validation and Reporting","24","2025-09-05T15:00:00Z","2025-09-09T17:00:00Z","Validate results and prepare the final report."
"Patent Filing Preparation","25","2025-11-20T13:00:00Z","2025-11-22T14:00:00Z","Prepare documents for patent filing."
"Submission of Patent Application","25","2025-11-25T13:00:00Z","2025-11-29T17:00:00Z","Submit the patent application for the findings."
"Sensor Selection Brainstorming","26","2024-01-05T14:00:00Z","2024-01-07T15:00:00Z","Brainstorm to select the appropriate sensors."
"Finalize Sensor Order","26","2024-01-10T14:00:00Z","2024-01-14T17:00:00Z","Finalize and place the order for sensors."
"Field Testing Setup","27","2024-02-20T09:00:00Z","2024-02-22T10:00:00Z","Set up for field testing of technology."
"Data Collection and Analysis","27","2024-02-25T09:00:00Z","2024-03-01T17:00:00Z","Collect and analyze field data."
"Technology Integration Planning","28","2024-04-30T11:00:00Z","2024-05-02T12:00:00Z","Plan the integration of new technology."
"Implement Integration Solutions","28","2024-05-05T11:00:00Z","2024-05-09T17:00:00Z","Implement solutions for technology integration."
"Monitoring System Setup","29","2024-07-03T13:00:00Z","2024-07-08T14:00:00Z","Set up the monitoring and control system for field tests."
"System Performance Analysis","29","2024-07-13T13:00:00Z","2024-07-17T17:00:00Z","Analyze the performance of the monitoring system."
"Yield Prediction Model Development","30","2024-09-01T16:00:00Z","2024-09-05T17:00:00Z","Develop a model for predicting agricultural yields."
"Data Analysis and Model Refinement","30","2024-09-10T16:00:00Z","2024-09-14T17:00:00Z","Analyze data and refine the yield prediction model."
"Cyber Threat Research","31","2024-11-10T15:00:00Z","2024-11-12T16:00:00Z","Conduct research on current cyber threats."
"Threat Detection System Implementation","31","2024-11-15T15:00:00Z","2024-11-19T17:00:00Z","Implement a system for detecting cyber threats."
"IDS Enhancement Planning","32","2025-01-01T12:00:00Z","2025-01-03T13:00:00Z","Plan enhancements for the intrusion detection system."
"System Enhancement and Testing","32","2025-01-05T12:00:00Z","2025-01-04T17:00:00Z","Enhance and test the intrusion detection system."
"Vulnerability Assessment Setup","33","2025-03-15T10:00:00Z","2025-03-17T11:00:00Z","Set up for a comprehensive vulnerability assessment."
"Complete Vulnerability Assessment","33","2025-03-20T10:00:00Z","2025-03-24T17:00:00Z","Conduct and complete the vulnerability assessment."
"Incident Response Strategy Meeting","34","2025-06-01T14:00:00Z","2025-06-03T15:00:00Z","Meet to strategize the incident response plan."
"Implement Incident Response Plan","34","2025-06-05T14:00:00Z","2025-06-07T17:00:00Z","Implement the incident response plan."
"Security Monitoring System Upgrade","35","2025-08-15T15:00:00Z","2025-08-17T16:00:00Z","Upgrade the continuous security monitoring system."
"Monitoring and Response Drills","35","2025-08-20T15:00:00Z","2025-08-29T17:00:00Z","Conduct drills for monitoring and responding to security incidents."
"Policy Analysis Research","36","2024-02-10T14:00:00Z","2024-02-12T15:00:00Z","Research climate change policies."
"Draft Policy Analysis Report","36","2024-02-15T14:00:00Z","2024-02-19T17:00:00Z","Draft a report on climate change policy analysis."
"Emission Reduction Strategy Development","37","2024-04-25T12:00:00Z","2024-04-27T13:00:00Z","Develop strategies for carbon emission reduction."
"Strategy Implementation Plan","37","2024-04-30T12:00:00Z","2024-05-04T17:00:00Z","Plan the implementation of emission reduction strategies."
"Renewable Energy Plan Drafting","38","2024-07-05T09:00:00Z","2024-07-07T10:00:00Z","Draft a plan for renewable energy integration."
"Energy Integration Review Meeting","38","2024-07-10T09:00:00Z","2024-07-14T17:00:00Z","Review the renewable energy integration plan."
"Community Awareness Workshop","39","2024-09-30T16:00:00Z","2024-10-02T17:00:00Z","Conduct a workshop for community awareness."
"Finalize Awareness Campaign Strategy","39","2024-10-05T16:00:00Z","2024-10-09T17:00:00Z","Finalize the strategy for the community awareness campaign."
"Environmental Monitoring Setup","40","2025-01-08T15:00:00Z","2025-01-10T16:00:00Z","Set up systems for environmental impact monitoring."
"Conduct Impact Monitoring","40","2025-01-13T15:00:00Z","2025-01-17T17:00:00Z","Monitor and record environmental impacts."
"Blockchain Technology Workshop","41","2024-03-10T14:00:00Z","2024-03-12T15:00:00Z","Conduct a workshop on blockchain technology."
"Implementation Plan Development","41","2024-03-15T14:00:00Z","2024-03-19T17:00:00Z","Develop a plan for blockchain implementation."
"Vendor Onboarding Session","42","2024-05-05T11:00:00Z","2024-05-07T12:00:00Z","Conduct a session to onboard vendors."
"Vendor Training Program","42","2024-05-10T11:00:00Z","2024-05-14T17:00:00Z","Execute the training program for vendors."
"System Testing Setup","43","2024-06-28T10:00:00Z","2024-06-30T11:00:00Z","Set up for system testing and validation."
"Conduct System Testing","43","2024-07-03T10:00:00Z","2024-07-07T17:00:00Z","Test and validate the system."
"Data Security Compliance Review","44","2024-09-20T16:00:00Z","2024-09-22T17:00:00Z","Review data security and privacy compliance."
"Finalize Compliance Procedures","44","2024-09-25T16:00:00Z","2024-09-29T17:00:00Z","Finalize and document compliance procedures."
"Draft Blockchain Integration Guide","45","2024-11-30T12:00:00Z","2024-12-02T13:00:00Z","Draft a guide for blockchain integration."
"Review and Publish Documentation","45","2024-12-05T12:00:00Z","2024-12-09T17:00:00Z","Review and publish the integration documentation."
"Robotics Design Brainstorming","46","2025-02-05T13:00:00Z","2025-02-07T14:00:00Z","Brainstorm ideas for the robotics system design."
"Complete System Design","46","2025-02-10T13:00:00Z","2025-02-14T17:00:00Z","Finalize the design of the robotics system."
"Prototype Development Planning","47","2025-04-01T14:00:00Z","2025-04-03T15:00:00Z","Plan the development of the robotics prototype."
"Prototype Testing and Refinement","47","2025-04-05T14:00:00Z","2025-04-09T17:00:00Z","Test and refine the robotics prototype."
"Automation Process Review","48","2025-06-05T12:00:00Z","2025-06-07T13:00:00Z","Review current automation processes."
"Implement Optimization Solutions","48","2025-06-10T12:00:00Z","2025-06-19T17:00:00Z","Implement solutions to optimize automation processes."
"Human-Robot Collaboration Study","49","2025-08-26T11:00:00Z","2025-08-28T12:00:00Z","Study the potential for human-robot collaboration."
"Research Findings Analysis","49","2025-09-01T11:00:00Z","2025-09-04T17:00:00Z","Analyze findings from the collaboration research."
"Workflow Improvement Planning","50","2025-12-02T15:00:00Z","2025-12-04T16:00:00Z","Plan improvements for the manufacturing workflow."
"Implement Workflow Enhancements","50","2025-12-07T15:00:00Z","2025-12-11T17:00:00Z","Implement and test workflow improvements."
"Algorithm Development for Personalized Medicine","51","2026-04-05T16:00:00Z","2026-04-07T17:00:00Z","Develop an algorithm for personalized medicine."
"Patient Data Analysis","51","2026-04-10T16:00:00Z","2026-04-14T17:00:00Z","Analyzes patient data to identify patterns."
"Patient Data Security Review","52","2026-06-30T13:00:00Z","2026-07-05T14:00:00Z","Review and ensure the security of patient data for analysis."
"Optimization Algorithm Development","53","2026-10-05T12:00:00Z","2026-10-10T13:00:00Z","Develop an algorithm to optimize treatment plans."
"Ethics Compliance Workshop","54","2027-01-05T10:00:00Z","2027-01-10T11:00:00Z","Conduct a workshop on AI ethics in healthcare."
"Outcome Monitoring Tool Development","55","2027-04-15T15:00:00Z","2027-04-20T16:00:00Z","Develop a tool for monitoring patient outcomes."
"Smart City Data Analysis","56","2024-02-08T13:00:00Z","2024-02-13T14:00:00Z","Analyze data for smart city infrastructure planning."
"Urban Mobility Survey","57","2024-04-25T12:00:00Z","2024-04-30T13:00:00Z","Conduct a survey to identify urban mobility solutions."
"IoT Sensor Testing","58","2024-07-31T10:00:00Z","2024-08-05T11:00:00Z","Test IoT sensors for deployment."
"Energy Efficiency Analysis","59","2024-11-12T08:00:00Z","2024-11-17T09:00:00Z","Analyze potential energy efficiency implementations."
"Smart Grid Design Workshop","60","2025-02-15T13:00:00Z","2025-02-20T14:00:00Z","Host a workshop for smart grid integration design."
"AR Content Design Session","61","2024-04-05T14:00:00Z","2024-04-10T15:00:00Z","Design AR content for educational purposes."
"Teacher AR Training Program","62","2024-06-28T13:00:00Z","2024-07-03T14:00:00Z","Train teachers in using AR technology."
"Student Engagement Survey","63","2024-10-10T10:00:00Z","2024-10-15T11:00:00Z","Conduct a survey on student engagement with AR."
"Curriculum Integration Planning","64","2025-01-02T09:00:00Z","2025-01-07T10:00:00Z","Plan the integration of AR into the curriculum."
"Educational Content Review","65","2025-04-20T15:00:00Z","2025-04-25T16:00:00Z","Review and update educational content."
"Chatbot Script Development","66","2024-03-08T14:00:00Z","2024-03-13T15:00:00Z","Develop scripts for the NLP-based customer service chatbot."
"Chatbot Integration Testing","67","2024-05-31T11:00:00Z","2024-06-05T12:00:00Z","Test the integration of the chatbot."
"User Feedback Collection","68","2024-09-05T09:00:00Z","2024-09-10T10:00:00Z","Collect user feedback for experience testing."
"Chatbot Performance Review","69","2024-12-20T14:00:00Z","2024-12-25T15:00:00Z","Review the performance of the chatbot."
"Documentation Finalization","70","2025-03-26T13:00:00Z","2025-03-31T14:00:00Z","Finalize documentation and support materials."
"Technology Exploration Workshop","71","2024-06-10T13:00:00Z","2024-06-15T14:00:00Z","Conduct a workshop on space exploration technology."
"Extraterrestrial Habitat Prototype","72","2024-09-05T10:00:00Z","2024-09-10T11:00:00Z","Design a prototype for an extraterrestrial habitat."
"Propulsion System Simulation","73","2024-12-15T08:00:00Z","2024-12-20T09:00:00Z","Simulate rocket propulsion systems."
"Mission Timeline Planning","74","2025-02-28T12:00:00Z","2025-03-05T13:00:00Z","Plan the timeline for a space mission."
"Resource Utilization Strategy","75","2025-06-05T15:00:00Z","2025-06-10T16:00:00Z","Develop a strategy for planetary resource utilization."
"Transportation Research Analysis","76","2024-01-18T09:00:00Z","2024-01-23T10:00:00Z","Analyze eco-friendly transportation options."
"Public Transit Improvement Plan","77","2024-04-12T12:00:00Z","2024-04-17T13:00:00Z","Plan improvements for public transportation."
"EV Charging Station Mapping","78","2024-06-25T10:00:00Z","2024-06-30T11:00:00Z","Map locations for electric vehicle charging stations."
"Traffic Flow Simulation","79","2024-10-08T13:00:00Z","2024-10-13T14:00:00Z","Simulate traffic management optimizations."
"Green Infrastructure Survey","80","2025-01-15T14:00:00Z","2025-01-20T15:00:00Z","Survey potential green infrastructure implementations."
"5G Network Deployment Plan","81","2024-01-05T12:00:00Z","2024-01-10T13:00:00Z","Plan the deployment of 5G network infrastructure."
