"name","due_timestamp","board_id","description"
"Project Scope Presentation","2023-10-25T10:00:00Z","1","Create a presentation to show the project scope to the teachers"
"BPMN Diagram Design","2023-11-03T14:30:00Z","1","Create a BPMN diagram for the project"
"Requirements Gathering","2024-02-15T09:15:00Z","1","Gather and document project requirements from stakeholders"
"UI Mockup Design","2024-03-08T11:20:00Z","1","Design user interface mockups for the project"
"Database Schema Design","2024-04-20T15:45:00Z","1","Design the database schema for the project"
"Introduction to Wazuh","2024-01-31T12:30:00Z","2","Watch some introductory videos about Wazuh"
"Feature Development","2024-03-15T13:55:00Z","2","Start developing new features for Wazuh"
"Testing and Bug Fixing","2024-04-10T14:00:00Z","2","Perform thorough testing and fix any identified bugs"
"Documentation Update","2024-05-30T11:30:00Z","2","Update project documentation with the latest changes"
"Performance Optimization","2024-06-20T16:20:00Z","2","Optimize the performance of Wazuh for better efficiency"
"Data Collection and Preprocessing","2023-12-15T14:45:00Z","3","Collect and preprocess data for healthcare analytics"
"Machine Learning Model Training","2024-01-20T15:00:00Z","3","Train machine learning models on healthcare data"
"Data Analysis and Insights","2024-03-10T11:10:00Z","3","Analyze data and extract valuable insights for healthcare improvements"
"Report Generation","2024-04-25T09:30:00Z","3","Generate detailed reports based on data analysis results"
"Presentation Preparation","2024-05-18T14:50:00Z","3","Prepare a presentation to showcase data analysis findings"
"Energy Source Research","2024-07-12T10:40:00Z","4","Research various renewable energy sources for optimization"
"Technology Evaluation","2024-08-05T12:25:00Z","4","Evaluate the latest technologies for renewable energy solutions"
"Prototyping and Testing","2024-09-25T11:20:00Z","4","Create prototypes and conduct testing for energy solutions"
"Environmental Impact Assessment","2024-11-10T14:00:00Z","4","Assess the environmental impact of renewable energy options"
"Documentation and Compliance","2024-12-25T16:30:00Z","4","Ensure documentation and compliance with regulations"
"Drug Discovery Algorithm Development","2025-03-15T09:55:00Z","5","Develop algorithms for drug discovery using AI"
"Drug Compound Screening","2025-05-10T11:30:00Z","5","Screen potential drug compounds using computational methods"
"Clinical Trial Simulation","2025-07-22T10:20:00Z","5","Simulate clinical trials to predict drug effectiveness"
"Results Analysis and Validation","2025-09-10T15:45:00Z","5","Analyze results and validate the efficacy of discovered drugs"
"Publication and Patent Filing","2025-11-30T13:20:00Z","5","Prepare research publications and file for patents"
"Precision Agriculture Sensors Selection","2024-01-15T14:00:00Z","6","Select suitable sensors for precision agriculture"
"Field Testing and Data Collection","2024-03-02T09:30:00Z","6","Conduct field tests and collect data on sustainable farming practices"
"Technology Integration","2024-05-10T11:50:00Z","6","Integrate technology solutions for sustainable agriculture"
"Monitoring and Control System Setup","2024-07-18T13:10:00Z","6","Set up monitoring and control systems for farming"
"Data Analysis and Yield Prediction","2024-09-15T16:00:00Z","6","Analyze data and predict crop yields for better planning"
"Cyber Threat Analysis and Detection","2024-11-20T15:40:00Z","7","Analyze and detect emerging cybersecurity threats"
"Intrusion Detection System Enhancement","2025-01-05T12:15:00Z","7","Enhance the intrusion detection system for improved security"
"Vulnerability Assessment","2025-03-25T10:30:00Z","7","Conduct vulnerability assessments and recommend mitigation strategies"
"Incident Response Plan Implementation","2025-06-08T14:05:00Z","7","Implement an incident response plan for rapid threat containment"
"Continuous Security Monitoring","2025-08-30T15:25:00Z","7","Establish continuous security monitoring for proactive threat management"
"Climate Change Policy Analysis","2024-02-20T14:15:00Z","8","Analyze existing climate change policies and their effectiveness"
"Carbon Emission Reduction Strategies","2024-05-05T12:45:00Z","8","Develop strategies to reduce carbon emissions in various sectors"
"Renewable Energy Integration Plan","2024-07-15T09:10:00Z","8","Create plans for integrating renewable energy into existing infrastructure"
"Community Awareness Campaign","2024-10-10T16:15:00Z","8","Launch a community awareness campaign on climate change"
"Environmental Impact Monitoring","2025-01-18T15:50:00Z","8","Monitor the environmental impact of implemented strategies"
"Supply Chain Blockchain Implementation","2024-03-20T14:20:00Z","9","Implement blockchain technology to enhance supply chain transparency"
"Vendor Onboarding and Training","2024-05-15T11:35:00Z","9","Onboard vendors and provide training on blockchain usage"
"System Testing and Validation","2024-07-08T10:25:00Z","9","Test the blockchain system and validate its effectiveness"
"Data Security and Privacy Compliance","2024-09-30T16:40:00Z","9","Ensure data security and compliance with privacy regulations"
"Blockchain Integration Documentation","2024-12-10T12:00:00Z","9","Prepare documentation for blockchain integration"
"Robotics System Design","2025-02-15T13:30:00Z","10","Design advanced robotics systems for manufacturing processes"
"Prototyping and Testing","2025-04-10T14:50:00Z","10","Create prototypes and conduct extensive testing for robotics"
"Automation Process Optimization","2025-06-20T12:15:00Z","10","Optimize automation processes for maximum efficiency"
"Human-Robot Collaboration Research","2025-09-05T11:30:00Z","10","Research human-robot collaboration methods for safer manufacturing"
"Manufacturing Workflow Improvement","2025-12-12T15:10:00Z","10","Improve manufacturing workflows using robotics"
"Personalized Medicine Algorithm Development","2026-04-15T16:35:00Z","11","Develop AI algorithms for personalized medical treatment"
"Patient Data Analysis","2026-07-10T14:00:00Z","11","Analyze patient data for personalized treatment recommendations"
"Treatment Plan Optimization","2026-10-20T12:40:00Z","11","Optimize treatment plans based on individual patient profiles"
"Healthcare AI Ethics and Compliance","2027-01-15T10:15:00Z","11","Ensure ethical and regulatory compliance in healthcare AI"
"Patient Outcomes Monitoring","2027-04-25T15:30:00Z","11","Monitor patient outcomes and adjust treatment plans accordingly"
"Smart City Infrastructure Planning","2024-02-18T14:05:00Z","12","Plan smart city infrastructure development projects"
"Urban Mobility Solutions","2024-05-05T12:35:00Z","12","Explore sustainable urban mobility solutions for smart cities"
"IoT Sensor Deployment","2024-08-10T10:50:00Z","12","Deploy IoT sensors for data collection and city management"
"Energy Efficiency Implementation","2024-11-22T09:20:00Z","12","Implement energy-efficient solutions in smart city projects"
"Smart Grid Integration","2025-02-25T14:15:00Z","12","Integrate smart grid systems for efficient energy distribution"
"AR Education Content Creation","2024-04-15T15:30:00Z","13","Create augmented reality educational content"
"Teacher Training Program","2024-07-08T13:50:00Z","13","Conduct training programs for educators on AR education"
"Student Engagement Analysis","2024-10-20T11:25:00Z","13","Analyze student engagement and performance in AR-enhanced classrooms"
"Curriculum Integration","2025-01-12T10:10:00Z","13","Integrate augmented reality content into the curriculum"
"Educational Content Updates","2025-04-30T16:00:00Z","13","Regularly update and improve AR educational content"
"NLP-based Customer Service Chatbot","2024-03-18T14:45:00Z","14","Develop a natural language processing chatbot for customer service"
"Chatbot Training and Integration","2024-06-10T12:20:00Z","14","Train the chatbot and integrate it into customer service systems"
"User Experience Testing","2024-09-15T10:35:00Z","14","Conduct user experience testing to enhance chatbot interactions"
"Performance Monitoring","2024-12-30T15:50:00Z","14","Monitor the chatbot's performance and improve its responses"
"Chatbot Documentation and Support","2025-04-05T14:30:00Z","14","Prepare documentation and provide support for chatbot users"
"Space Exploration Technology Review","2024-06-20T14:20:00Z","15","Review and assess advanced technologies for space exploration"
"Extraterrestrial Habitat Design","2024-09-15T11:40:00Z","15","Design habitats for potential colonization on other planets"
"Rocket Propulsion Research","2024-12-25T09:55:00Z","15","Conduct research on advanced rocket propulsion systems"
"Space Mission Planning","2025-03-08T13:15:00Z","15","Plan and coordinate space exploration missions and objectives"
"Planetary Resource Utilization","2025-06-15T16:10:00Z","15","Explore methods for utilizing planetary resources for sustainability"
"Eco-friendly Transportation Research","2024-01-28T10:00:00Z","16","Research eco-friendly transportation options and technologies"
"Public Transportation Improvement","2024-04-22T12:45:00Z","16","Work on improving public transportation systems for efficiency"
"Electric Vehicle Integration","2024-07-05T11:30:00Z","16","Integrate electric vehicles into the transportation network"
"Traffic Management Optimization","2024-10-18T14:20:00Z","16","Optimize traffic management systems to reduce congestion"
"Green Infrastructure Implementation","2025-01-30T15:05:00Z","16","Implement green infrastructure projects for sustainable transportation"
"5G Network Infrastructure Deployment","2024-01-15T13:30:00Z","17","Deploy 5G network infrastructure for faster and reliable communication"
"Network Testing and Performance Analysis","2024-03-28T14:50:00Z","17","Test the network and analyze its performance for optimization"
"5G Security Implementation","2024-06-15T11:25:00Z","17","Implement security measures for 5G network protection"
"Coverage Expansion Strategy","2024-09-10T10:10:00Z","17","Develop strategies to expand 5G network coverage"
"Network Maintenance and Upgrades","2024-12-22T16:00:00Z","17","Regularly maintain and upgrade the 5G network infrastructure"
"AI-based Financial Market Analysis","2025-02-25T09:45:00Z","18","Develop AI algorithms for analyzing financial markets"
"Investment Portfolio Optimization","2025-05-20T11:20:00Z","18","Optimize investment portfolios based on AI-driven insights"
"Risk Assessment and Management","2025-08-15T10:40:00Z","18","Assess financial risks and implement risk management strategies"
"Algorithmic Trading Implementation","2025-11-28T15:55:00Z","18","Implement algorithmic trading strategies for better investment outcomes"
"Financial Data Analysis and Reporting","2026-03-12T13:10:00Z","18","Analyze financial data and generate comprehensive reports"
"Renewable Energy Storage Technology","2024-04-18T14:25:00Z","19","Research and develop advanced energy storage technologies"
"Battery Technology Innovation","2024-07-12T12:50:00Z","19","Innovate battery technologies for improved energy storage"
"Grid Integration Solutions","2024-10-25T11:35:00Z","19","Develop grid integration solutions for renewable energy sources"
"Energy Storage System Testing","2025-02-08T10:20:00Z","19","Test energy storage systems for reliability and efficiency"
"Sustainability Impact Assessment","2025-05-30T15:15:00Z","19","Assess the environmental and sustainability impact of energy storage solutions"
"Market Data Analysis","2026-05-10T14:30:00Z","20","Analyze market data to identify trends and opportunities"
"Algorithm Optimization","2026-06-15T13:20:00Z","20","Optimize AI algorithms for faster execution and improved accuracy"
"Risk Mitigation Strategy","2026-07-20T10:45:00Z","20","Develop strategies to mitigate financial risks using AI"
"Portfolio Diversification","2026-08-25T12:10:00Z","20","Diversify investment portfolios for risk management"
"Financial Forecasting","2026-09-30T11:00:00Z","20","Use AI models to forecast financial trends and outcomes"
"Energy Storage System Prototyping","2026-05-15T15:30:00Z","21","Create prototypes for renewable energy storage systems"
"Grid Integration Testing","2026-06-20T14:20:00Z","21","Test grid integration strategies for renewable energy"
"Sustainability Impact Report","2026-08-05T12:40:00Z","21","Generate a report on the environmental impact of energy solutions"
"Renewable Technology Assessment","2026-09-15T11:15:00Z","21","Assess the latest renewable energy technologies for implementation"
"Storage System Performance Analysis","2026-10-20T10:00:00Z","21","Analyze the performance of energy storage systems"
"Quantum Algorithm Experimentation","2026-05-10T14:50:00Z","22","Conduct experiments to validate the effectiveness of quantum algorithms"
"Quantum Cryptography Implementation","2026-06-20T13:30:00Z","22","Implement quantum cryptography methods for secure communication"
"Quantum Computing Software Development","2026-07-30T10:25:00Z","22","Develop software tools for quantum computing applications"
"Quantum Computing Hardware Evaluation","2026-09-05T11:45:00Z","22","Evaluate and benchmark quantum computing hardware"
"Quantum Computing Research Papers","2026-10-10T12:15:00Z","22","Publish research papers on quantum computing advancements"
"NLP Text Classification Models","2026-05-20T09:40:00Z","23","Build text classification models for various NLP tasks"
"Sentiment Analysis Algorithm Enhancement","2026-07-02T14:00:00Z","23","Improve sentiment analysis algorithms for accuracy"
"Named Entity Recognition Dataset Creation","2026-08-15T10:55:00Z","23","Create high-quality datasets for named entity recognition"
"Document Classification Automation","2026-09-25T14:30:00Z","23","Automate document classification processes using NLP"
"Language Generation Model Research","2026-10-30T11:25:00Z","23","Conduct research on advanced language generation models"
"Image Recognition Model Training","2026-05-05T13:15:00Z","24","Train deep learning models for image recognition on diverse datasets"
"Object Detection Algorithm Development","2026-06-20T12:45:00Z","24","Develop advanced object detection algorithms"
"Image Recognition System Integration","2026-08-05T11:20:00Z","24","Integrate image recognition systems with real-world applications"
"Image Recognition Model Evaluation","2026-09-10T10:30:00Z","24","Evaluate the performance and accuracy of image recognition models"
"Environmental Sustainability Policy Review","2026-05-15T09:50:00Z","25","Review and recommend environmental sustainability policies for organizations"
"Environmental Impact Assessment Guidelines","2026-07-20T12:35:00Z","25","Develop guidelines for assessing the environmental impact of projects"
"Sustainable Practices Promotion","2026-09-28T11:00:00Z","25","Promote sustainable practices in industries and communities"
"Green Technology Adoption Initiatives","2026-11-30T15:15:00Z","25","Initiate programs for adopting green technologies in businesses"
"Mobile App Design and Prototyping","2026-05-15T14:45:00Z","26","Design and create prototypes for the mobile app project"
"App Development Milestone 1","2026-07-20T11:55:00Z","26","Achieve milestone 1 in the app development process"
"User Interface Enhancement","2026-09-15T13:30:00Z","26","Improve the user interface and user experience of the app"
"App Testing and Bug Fixing","2026-11-10T14:20:00Z","26","Thoroughly test the app and fix any identified bugs"
"Healthcare Data Collection and Preprocessing","2026-06-15T11:30:00Z","27","Collect and preprocess healthcare data for research"
"Machine Learning Model Training","2026-08-10T12:15:00Z","27","Train machine learning models for healthcare predictions"
"Medical Data Analysis and Insights","2026-10-15T13:45:00Z","27","Analyze medical data and extract valuable insights"
"Disease Diagnosis Model Enhancement","2026-12-20T14:10:00Z","27","Enhance disease diagnosis models for improved accuracy"
"Social Media Data Collection and Analysis","2026-07-05T15:20:00Z","28","Collect social media data and analyze trends and engagement"
"Marketing Strategy Recommendations","2026-09-15T16:00:00Z","28","Provide recommendations for marketing strategies based on social media insights"
"Social Media Advertising Campaign","2026-11-20T14:45:00Z","28","Plan and launch a social media advertising campaign"
"Data Visualization and Reporting","2027-01-25T12:30:00Z","28","Create visual reports on social media data analysis"
"Biomedical Device Prototype Development","2027-04-10T11:45:00Z","29","Design and create prototypes for the biomedical device"
"Clinical Testing and Validation","2027-06-15T13:00:00Z","29","Conduct clinical tests and validate the device's performance"
"Regulatory Compliance Documentation","2027-08-20T14:20:00Z","29","Prepare documentation for regulatory compliance"
"Device Manufacturing and Scaling","2027-10-25T11:10:00Z","29","Scale up manufacturing for the biomedical device"
"Environmental Impact Data Collection","2027-04-15T15:30:00Z","30","Collect data on environmental changes and ecosystems"
"Climate Change Analysis","2027-06-20T13:20:00Z","30","Analyze the impact of climate change on ecosystems and biodiversity"
"Research Findings Publication","2027-08-25T14:40:00Z","30","Publish research findings on environmental science"
"Ecosystem Restoration Initiatives","2027-10-30T12:00:00Z","30","Initiate restoration projects to support biodiversity"

